data;horario;n_da_ocorrencia;tipo_de_ocorrencia;km;trecho;sentido;tipo_de_acidente;caminhao;ilesos;levemente_feridos;moderadamente_feridos;gravemente_feridos;mortos;3
06/02/2020;01:58:00;5;Sem vítima;230;BR-386/RS;Norte;Tombamento;1;1;0;0;0;0;1
06/02/2020;07:30:13;35;Sem vítima;324;BR-386/RS;Ambos;Colisão - Lateral;2;3;0;0;0;0;1
06/02/2020;11:49:11;102;Sem vítima;440;BR-386/RS;Norte;Colisão - Traseira;1;5;0;0;0;0;1
06/02/2020;15:37:35;151;Sem vítima;88;BR-290/RS;Leste;Colisão - Lateral;1;4;0;0;0;0;1
06/02/2020;16:30:05;169;Sem vítima;295;BR-386/RS;Norte;Saída de pista;1;2;0;0;0;0;1
07/02/2020;02:23:05;17;Sem vítima;91;BR-290/RS;Oeste;Saída de pista;1;1;0;0;0;0;1
07/02/2020;09:18:07;101;Sem vítima;262;BR-386/RS;Norte;Colisão - Traseira;1;1;0;0;0;0;1
07/02/2020;12:02:53;146;Sem vítima;56;BR-290/RS;Oeste;Colisão - Traseira;1;1;0;0;0;0;1
09/02/2020;01:03:15;8;com vítima;393;BR-386/RS;Sul;Queda de ribanceira;1;0;2;0;0;0;1
09/02/2020;09:26:33;57;Sem vítima;43;BR-290/RS;Leste;Colisão - Lateral;1;2;0;0;0;0;1
11/02/2020;11:03:06;121;Sem vítima;424;BR-386/RS;Norte;Colisão - Lateral;1;1;0;0;0;0;1
11/02/2020;20:10:45;262;Sem vítima;45;BR-290/RS;Oeste;Colisão - Traseira;1;2;0;0;0;0;1
12/02/2020;07:32:01;45;Sem vítima;98;BR-290/RS;Ambos;Colisão - Lateral;1;2;0;0;0;0;1
12/02/2020;16:32:04;186;Sem vítima;78,37;BR-290/RS;Oeste;Colisão - Traseira;1;2;0;0;0;0;1
12/02/2020;19:26:44;215;com vítima;276;BR-386/RS;Norte;Colisão - Traseira;1;4;1;2;1;0;2
13/02/2020;10:06:01;94;Sem vítima;386;BR-386/RS;Norte;Colisão - Traseira;2;2;0;0;0;0;1
14/02/2020;13:37:05;161;com vítima;73;BR-290/RS;Leste;Colisão - Lateral;2;1;1;0;0;0;1
14/02/2020;18:15:27;242;com vítima;346;BR-386/RS;Sul;Colisão - Lateral;1;0;1;0;0;0;1
14/02/2020;22:41:19;310;com vítima;92;BR-290/RS;Leste;Colisão - Traseira;1;3;1;0;0;0;1
15/02/2020;06:37:23;40;Sem vítima;303;BR-386/RS;Norte;Saída de pista;1;2;0;0;0;0;1
17/02/2020;15:24:55;212;Sem vítima;411;BR-386/RS;Ambos;Colisão - Traseira;2;2;0;0;0;0;1
17/02/2020;21:39:32;294;Sem vítima;35;BR-101/RS;Sul;Choque Praça - Cabine;1;1;0;0;0;0;1
18/02/2020;14:01:28;151;Sem vítima;63;BR-101/RS;Norte;Colisão - Lateral;1;2;0;0;0;0;1
18/02/2020;14:34:46;156;Sem vítima;65;BR-290/RS;Oeste;Queda de ribanceira;1;3;0;0;0;0;1
19/02/2020;18:03:59;203;Sem vítima;85;BR-290/RS;Leste;Colisão - Traseira;1;4;0;0;0;0;1
20/02/2020;07:25:33;31;Sem vítima;398;BR-386/RS;Norte;Saída de pista;1;2;0;0;0;0;1
20/02/2020;08:53:50;73;Sem vítima;446,02;BR-386/RS;Sul;Colisão - Traseira;1;6;0;0;0;0;1
20/02/2020;21:12:53;309;com vítima;289;BR-386/RS;Norte;Colisão - Lateral;1;2;0;1;0;0;2
21/02/2020;07:16:01;47;com vítima;438;BR-386/RS;Sul;Colisão - Lateral;1;1;0;1;0;0;2
21/02/2020;13:53:24;176;Sem vítima;22,47;BR-448/RS;Norte;Colisão - Lateral;1;2;0;0;0;0;1
21/02/2020;16:06:23;222;Sem vítima;306;BR-386/RS;Norte;Tombamento;1;1;0;0;0;0;1
21/02/2020;18:24:16;268;com vítima;275;BR-386/RS;Norte;Colisão - Traseira;2;7;2;0;1;1;3
22/02/2020;00:29:54;12;Sem vítima;27;BR-290/RS;Leste;;1;4;0;0;0;0;1
23/02/2020;07:48:14;37;Sem vítima;19;BR-290/RS;Oeste;Colisão - Traseira;2;3;0;0;0;0;1
24/02/2020;07:19:22;38;Sem vítima;435;BR-386/RS;Sul;Colisão - Lateral;1;4;0;0;0;0;1
26/02/2020;04:59:27;31;Sem vítima;446;BR-386/RS;Sul;Choque Barreira;1;1;0;0;0;0;1
26/02/2020;11:50:32;158;Sem vítima;92;BR-290/RS;Leste;Colisão - Traseira;1;1;0;0;0;0;1
26/02/2020;18:20:31;260;com vítima;53;BR-290/RS;Oeste;Colisão - Traseira;1;3;2;0;0;0;1
28/02/2020;11:10:23;98;Sem vítima;191;BR-386/RS;Norte;Colisão - Lateral;2;3;0;0;0;0;1
02/08/2020;03:40:17;12;Acidente com VITIMA;61,000;BR-290/RS;Oeste;Saída de pista;1;0;0;1;0;0;2
03/08/2020;07:58:09;37;Acidente sem VITIMA;436,000;BR-386/RS;Norte;Colisão - Lateral;1;2;0;0;0;0;1
04/08/2020;16:14:45;169;Acidente sem VITIMA;86,000;BR-290/RS;Leste;Colisão - Lateral;1;2;0;0;0;0;1
05/08/2020;11:19:36;94;Acidente com VITIMA;258,000;BR-386/RS;Norte;Tombamento;1;1;1;0;0;0;1
07/08/2020;16:31:02;150;Acidente com VITIMA;344,000;BR-386/RS;Norte;Colisão - Traseira;1;1;1;0;0;0;1
08/08/2020;09:46:57;53;Acidente sem VITIMA;234,000;BR-386/RS;Norte;Colisão - Traseira;1;3;0;0;0;0;1
10/08/2020;10:07:50;95;Acidente sem VITIMA;30,000;BR-101/RS;Sul;Colisão - Lateral;1;4;0;0;0;0;1
10/08/2020;17:34:07;208;Acidente sem VITIMA;16,000;BR-448/RS;Norte;Colisão - Traseira;1;6;0;0;0;0;1
10/08/2020;17:40:42;212;Acidente sem VITIMA;28,000;BR-290/RS;Leste;Queda de ribanceira;1;1;0;0;0;0;1
10/08/2020;18:34:09;222;Acidente sem VITIMA;188,000;BR-386/RS;Sul;;1;3;0;0;0;0;1
14/08/2020;07:17:11;19;Acidente sem VITIMA;232,000;BR-386/RS;Sul;Queda de ribanceira;1;2;0;0;0;0;1
14/08/2020;22:14:57;219;Acidente com VITIMA FATAL;339,000;BR-386/RS;Norte;Colisão - Lateral;1;2;0;0;0;2;3
17/08/2020;20:33:59;197;Acidente sem VITIMA;272,000;BR-386/RS;Sul;Queda de moto;1;2;0;0;0;0;1
20/08/2020;10:50:00;79;Acidente sem VITIMA;90,000;BR-290/RS;Oeste;Queda de ribanceira;1;2;0;0;0;0;1
21/08/2020;23:46:57;267;Acidente sem VITIMA;2,000;BR-290/RS;Leste;Queda de ribanceira;1;1;0;0;0;0;1
23/08/2020;08:03:33;24;Acidente sem VITIMA;26,000;BR-290/RS;Oeste;Colisão - Lateral;1;4;0;0;0;0;1
25/08/2020;06:44:04;18;Acidente sem VITIMA;10,000;BR-448/RS;Norte;Queda de moto;1;3;0;0;0;0;1
25/08/2020;09:11:57;64;Acidente sem VITIMA;388,000;BR-386/RS;Sul;Colisão - Lateral;1;4;0;0;0;0;1
26/08/2020;19:16:09;209;Acidente sem VITIMA;96,000;BR-290/RS;Oeste;Colisão - Lateral;1;3;0;0;0;0;1
28/08/2020;14:19:17;135;Acidente sem VITIMA;77,460;BR-290/RS;Leste;Choque Praça - Submarino;1;1;0;0;0;0;1
28/08/2020;20:05:00;194;Acidente sem VITIMA;0,000;BR-290/RS;Leste;Choque com veículo na faixa de rolamento;1;2;0;0;0;0;1
29/08/2020;13:46:54;111;Acidente com VITIMA;35,000;BR-101/RS;Sul;Colisão - Traseira;1;1;1;0;0;0;1
31/08/2020;22:29:41;192;Acidente sem VITIMA;84,000;BR-101/RS;Sul;Colisão - Lateral;1;3;0;0;0;0;1
02/09/2020;11:24:23;111;Acidente sem VITIMA;307,000;BR-386/RS;Norte;Engavetamento;2;5;0;0;0;0;1
03/09/2020;14:03:44;102;Acidente sem VITIMA;77,000;BR-290/RS;Oeste;;1;1;0;0;0;0;1
04/09/2020;19:56:40;391;Acidente com VITIMA;269,000;BR-386/RS;Sul;Colisão - Traseira;1;2;2;0;0;0;1
06/09/2020;18:24:51;87;Acidente sem VITIMA;60,000;BR-290/RS;Leste;Colisão - Traseira;1;2;0;0;0;0;1
10/09/2020;06:43:45;20;Acidente sem VITIMA;14,000;BR-290/RS;Leste;Tombamento;1;4;0;0;0;0;1
10/09/2020;06:54:24;21;Acidente sem VITIMA;91,000;BR-290/RS;Oeste;Colisão - Lateral;1;2;0;0;0;0;1
12/09/2020;14:42:14;114;Acidente sem VITIMA;35,250;BR-101/RS;Norte;Colisão - Traseira;1;2;0;0;0;0;1
13/09/2020;19:29:20;115;Acidente sem VITIMA;252,000;BR-386/RS;Sul;Saída de pista;1;1;0;0;0;0;1
16/09/2020;15:10:30;97;Acidente com VITIMA;432,000;BR-386/RS;Sul;Colisão - Traseira;2;3;1;0;0;0;1
17/09/2020;05:46:34;35;Acidente sem VITIMA;57,000;BR-290/RS;Oeste;Queda de ribanceira;1;1;0;0;0;0;1
17/09/2020;20:40:31;245;Acidente sem VITIMA;75,000;BR-290/RS;Oeste;Tombamento;1;2;0;0;0;0;1
18/09/2020;08:21:48;51;Acidente sem VITIMA;89,000;BR-290/RS;Oeste;Colisão - Lateral;1;2;0;0;0;0;1
18/09/2020;12:32:21;112;Acidente sem VITIMA;93,000;BR-290/RS;Leste;Choque com objeto sobre a pista;1;2;0;0;0;0;1
18/09/2020;17:26:09;199;Acidente sem VITIMA;89,000;BR-290/RS;Leste;Colisão - Lateral;1;2;0;0;0;0;1
19/09/2020;09:59:28;81;Acidente sem VITIMA;60,000;BR-290/RS;Leste;Colisão - Traseira;1;3;0;0;0;0;1
22/09/2020;06:26:38;17;Acidente sem VITIMA;36,000;BR-290/RS;Leste;Queda de ribanceira;1;2;0;0;0;0;1
23/09/2020;17:08:59;187;Acidente sem VITIMA;77,000;BR-290/RS;Oeste;Choque Praça - Cabine;2;2;0;0;0;0;1
25/09/2020;07:42:04;31;Acidente com VITIMA;23,000;BR-290/RS;Oeste;Colisão - Lateral;1;1;2;0;0;0;1
25/09/2020;14:19:42;140;Acidente com VITIMA;433,000;BR-386/RS;Norte;Colisão - Traseira;1;2;2;0;0;0;1
28/09/2020;09:29:23;70;Acidente com VITIMA;347,000;BR-386/RS;Norte;Colisão - Traseira;1;1;1;0;0;0;1
29/09/2020;00:53:40;2;Acidente com VITIMA;16,500;BR-101/RS;Norte;Colisão - Traseira;1;2;0;1;0;0;2
30/09/2020;06:50:35;25;Acidente sem VITIMA;24,390;BR-290/RS;Leste;Queda de ribanceira;1;2;0;0;0;0;1
30/09/2020;08:20:50;48;Acidente sem VITIMA;360,000;BR-386/RS;Ambos;Queda de ribanceira;1;4;0;0;0;0;1
01/10/2020;15:32:44;189;Acidente com VITIMA;375,000;BR-386/RS;Sul;Choque com veículo na faixa de rolamento;1;0;1;0;0;0;1
02/10/2020;11:02:25;90;Acidente sem VITIMA;243,000;BR-386/RS;Sul;Tombamento;1;1;0;0;0;0;1
02/10/2020;22:06:42;212;Acidente sem VITIMA;431,000;BR-386/RS;Norte;Queda de ribanceira;1;1;0;0;0;0;1
03/10/2020;00:56:32;4;Acidente sem VITIMA;10,000;BR-101/RS;Sul;Saída de pista;1;1;0;0;0;0;1
04/10/2020;16:10:39;79;Acidente sem VITIMA;15,000;BR-290/RS;Leste;Queda de ribanceira;1;1;0;0;0;0;1
08/10/2020;06:09:46;10;Acidente com VITIMA;72,000;BR-101/RS;Sul;Colisão - Traseira;2;1;1;0;0;0;1
10/10/2020;12:18:18;134;Acidente sem VITIMA;345,000;BR-386/RS;Norte;Colisão - Traseira;1;2;0;0;0;0;1
13/10/2020;16:33:11;197;Acidente com VITIMA;6,000;BR-448/RS;Norte;Choque Barreira;1;0;1;0;0;0;1
14/10/2020;01:55:24;2;Acidente sem VITIMA;89,000;BR-290/RS;Oeste;Queda de ribanceira;1;1;0;0;0;0;1
14/10/2020;08:34:52;70;Acidente sem VITIMA;84,000;BR-290/RS;Oeste;Choque Defensa;1;2;0;0;0;0;1
18/10/2020;10:10:55;70;Acidente sem VITIMA;215,000;BR-386/RS;Sul;Saída de pista;1;1;0;0;0;0;1
19/10/2020;05:47:50;15;Acidente sem VITIMA;44,000;BR-101/RS;Sul;Colisão - Lateral;1;3;0;0;0;0;1
19/10/2020;10:54:55;116;Acidente sem VITIMA;92,000;BR-290/RS;Leste;Colisão - Lateral;1;5;0;0;0;0;1
19/10/2020;11:55:19;124;Acidente sem VITIMA;92,000;BR-290/RS;Leste;Colisão - Lateral;1;3;0;0;0;0;1
20/10/2020;07:32:49;32;Acidente sem VITIMA;436,000;BR-386/RS;Sul;Colisão - Traseira;1;3;0;0;0;0;1
21/10/2020;14:11:14;135;Acidente sem VITIMA;63,000;BR-101/RS;Norte;Colisão - Traseira;1;1;0;0;0;0;1
21/10/2020;21:02:59;193;Acidente sem VITIMA;39,000;BR-290/RS;Oeste;Colisão - Traseira;2;2;0;0;0;0;1
22/10/2020;16:25:52;156;Acidente sem VITIMA;28,000;BR-101/RS;Sul;Saída de pista;1;1;0;0;0;0;1
22/10/2020;18:26:58;175;Acidente sem VITIMA;435,000;BR-386/RS;Norte;Colisão - Lateral;1;2;0;0;0;0;1
22/10/2020;21:34:32;205;Acidente com VITIMA;38,000;BR-290/RS;Oeste;Colisão - Traseira;1;1;0;1;1;0;2
23/10/2020;07:53:30;46;Acidente sem VITIMA;92,000;BR-290/RS;Leste;Colisão - Lateral;1;3;0;0;0;0;1
24/10/2020;14:46:28;136;Acidente sem VITIMA;16,000;BR-290/RS;Leste;Colisão - Transversal;1;3;0;0;0;0;1
27/10/2020;08:22:17;57;Acidente sem VITIMA;10,000;BR-448/RS;Sul;Saída de pista;1;2;0;0;0;0;1
29/10/2020;15:03:36;150;Acidente com VITIMA;312,000;BR-386/RS;Sul;Engavetamento;2;2;0;2;0;0;2
04/11/2020;07:06:02;29;Acidente com VITIMA;436,000;BR-386/RS;Norte;Saída de pista;1;0;0;1;0;0;2
05/11/2020;08:06:34;45;Acidente sem VITIMA;92,000;BR-290/RS;Ambos;Engavetamento;1;3;0;0;0;0;1
05/11/2020;08:28:50;61;Acidente sem VITIMA;5,000;BR-290/RS;Oeste;Colisão - Lateral;1;3;0;0;0;0;1
07/11/2020;07:58:02;42;Atropelamento;433,000;BR-386/RS;Sul;Atropelamento - Andarilho;1;1;0;1;0;0;2
09/11/2020;02:41:08;12;Acidente sem VITIMA;33,000;BR-290/RS;Oeste;Saída de pista;1;1;0;0;0;0;1
09/11/2020;23:02:45;224;Acidente sem VITIMA;244,000;BR-386/RS;Norte;Choque Talude;1;2;0;0;0;0;1
10/11/2020;20:48:09;207;Acidente sem VITIMA;341,000;BR-386/RS;Norte;Saída de pista;1;2;0;0;0;0;1
11/11/2020;10:51:40;106;Atropelamento Fatal;80,000;BR-290/RS;Oeste;Atropelamento - Morador/Trabalhador/Estudante;1;2;0;0;0;1;3
11/11/2020;15:11:54;143;Acidente sem VITIMA;51,000;BR-101/RS;Sul;Colisão - Traseira;1;2;0;0;0;0;1
11/11/2020;17:52:11;173;Acidente sem VITIMA;362,000;BR-386/RS;Sul;Outros;1;2;0;0;0;0;1
12/11/2020;03:15:45;7;Acidente sem VITIMA;38,000;BR-101/RS;Sul;Queda de ribanceira;1;2;0;0;0;0;1
14/11/2020;15:01:25;144;Acidente sem VITIMA;70,000;BR-101/RS;Norte;Colisão - Lateral;1;4;0;0;0;0;1
14/11/2020;11:58:44;99;Acidente sem VITIMA;291,000;BR-386/RS;Norte;Colisão - Transversal;1;2;0;0;0;0;1
16/11/2020;14:14:30;148;Acidente sem VITIMA;35,000;BR-101/RS;Norte;Colisão - Lateral;1;5;0;0;0;0;1
16/11/2020;14:18:01;149;Acidente sem VITIMA;16,000;BR-290/RS;Leste;Colisão - Lateral;1;4;0;0;0;0;1
17/11/2020;02:06:56;5;Acidente com VITIMA;49,000;BR-101/RS;Norte;Saída de pista;1;1;1;0;0;0;1
19/11/2020;01:04:09;10;Acidente com VITIMA;330,000;BR-386/RS;Sul;Queda de ribanceira;1;0;1;0;0;0;1
19/11/2020;02:02:15;13;Acidente sem VITIMA;18,000;BR-290/RS;Oeste;Saída de pista;1;1;0;0;0;0;1
20/11/2020;15:31:39;445;Acidente sem VITIMA;83,000;BR-290/RS;Leste;Colisão - Lateral;1;3;0;0;0;0;1
20/11/2020;16:39:47;463;Acidente sem VITIMA;95,000;BR-290/RS;Oeste;Engavetamento;1;4;0;0;0;0;1
21/11/2020;03:08:13;18;Acidente com VITIMA;410,000;BR-386/RS;Sul;Saída de pista;1;0;0;0;1;0;2
21/11/2020;21:00:07;216;Acidente com VITIMA;304,000;BR-386/RS;Norte;Queda de ribanceira;1;1;1;0;0;0;1
22/11/2020;23:12:15;228;Acidente com VITIMA;292,000;BR-386/RS;Sul;Queda de ribanceira;1;0;1;0;0;0;1
23/11/2020;12:32:12;136;Acidente sem VITIMA;306,000;BR-386/RS;Sul;Colisão - Traseira;1;4;0;0;0;0;1
23/11/2020;06:31:53;29;Acidente sem VITIMA;95,000;BR-290/RS;Oeste;Colisão - Traseira;1;2;0;0;0;0;1
24/11/2020;09:52:00;85;Acidente sem VITIMA;417,000;BR-386/RS;Sul;;1;1;0;0;0;0;1
25/11/2020;10:52:49;134;Acidente com VITIMA FATAL;10,000;BR-290/RS;Leste;Colisão - Frontal;1;0;0;0;0;3;3
25/11/2020;11:05:00;137;Acidente sem VITIMA;346,000;BR-386/RS;Ambos;Outros;1;1;0;0;0;0;1
25/11/2020;22:43:00;323;Acidente sem VITIMA;25,100;BR-101/RS;Sul;Queda de ribanceira;1;1;0;0;0;0;1
26/11/2020;17:16:00;193;Acidente sem VITIMA;21,000;BR-448/RS;Sul;Choque Barreira;1;1;0;0;0;0;1
26/11/2020;08:27:00;51;Acidente sem VITIMA;96,000;BR-290/RS;Oeste;Colisão - Lateral;1;2;0;0;0;0;1
27/11/2020;21:00:00;207;Acidente sem VITIMA;345,000;BR-386/RS;Sul;Colisão - Transversal;1;2;0;0;0;0;1
28/11/2020;01:32:44;10;Acidente sem VITIMA;35,000;BR-290/RS;Leste;Queda de ribanceira;1;2;0;0;0;0;1
28/11/2020;13:44:17;143;Acidente sem VITIMA;291,000;BR-386/RS;Norte;Saída de pista;1;1;0;0;0;0;1
28/11/2020;03:36:00;17;Acidente sem VITIMA;39,000;BR-290/RS;Leste;Saída de pista;1;3;0;0;0;0;1
30/11/2020;13:22:00;149;Acidente sem VITIMA;16,000;BR-101/RS;Norte;Queda de ribanceira;1;2;0;0;0;0;1
30/11/2020;20:56:57;236;Acidente com VITIMA;48,000;BR-290/RS;Oeste;Colisão - Lateral;1;1;1;0;0;0;1
30/11/2020;22:35:07;242;Acidente com VITIMA;25,000;BR-290/RS;Leste;Tombamento;1;0;0;2;0;0;2
01/12/2020;16:30:00;196;Acidente com VITIMA;347,000;BR-386/RS;Norte;Colisão - Traseira;1;1;1;0;0;0;1
02/12/2020;17:51:00;519;Acidente sem VITIMA;328,000;BR-386/RS;Norte;Colisão - Lateral;1;2;0;0;0;0;1
09/12/2020;18:30:00;210;Acidente com VITIMA;345,000;BR-386/RS;Sul;Colisão - Traseira;1;2;0;0;1;0;2
10/12/2020;16:57:45;253;Acidente sem VITIMA;89,000;BR-290/RS;Oeste;Colisão - Lateral;1;2;0;0;0;0;1
17/12/2020;04:28:00;16;Acidente sem VITIMA;15,000;BR-290/RS;Oeste;Saída de pista;1;1;0;0;0;0;1
11/12/2020;07:52:28;59;Acidente sem VITIMA;215,000;BR-386/RS;Sul;Colisão - Traseira;1;2;0;0;0;0;1
10/12/2020;09:00:00;86;Acidente sem VITIMA;74,000;BR-290/RS;Oeste;Colisão - Traseira;1;2;0;0;0;0;1
23/12/2020;04:23:09;16;Acidente sem VITIMA;56,000;BR-290/RS;Leste;Queda de ribanceira;1;1;0;0;0;0;1
08/12/2020;15:50:58;227;Acidente sem VITIMA;92,000;BR-290/RS;Leste;Colisão - Lateral;1;3;0;0;0;0;1
24/12/2020;11:19:00;175;Acidente sem VITIMA;61,000;BR-101/RS;Sul;Colisão - Lateral;1;3;0;0;0;0;1
20/12/2020;01:12:00;9;Acidente sem VITIMA;358,000;BR-386/RS;Norte;Capotamento;1;1;0;0;0;0;1
01/12/2020;18:43:00;234;Acidente sem VITIMA;4,000;BR-448/RS;Norte;Colisão - Traseira;1;2;0;0;0;0;1
15/12/2020;20:03:31;257;Acidente com VITIMA;53,000;BR-290/RS;Leste;Queda de ribanceira;1;1;0;1;0;0;2
16/12/2020;07:23:00;39;Acidente sem VITIMA;91,000;BR-290/RS;Oeste;Colisão - Lateral;1;3;0;0;0;0;1
17/12/2020;08:16:00;74;Acidente sem VITIMA;437,000;BR-386/RS;Norte;Colisão - Traseira;1;4;0;0;0;0;1
23/12/2020;22:52:00;389;Acidente sem VITIMA;4,000;BR-290/RS;Leste;Queda de ribanceira;1;1;0;0;0;0;1
03/12/2020;08:32:00;75;Acidente sem VITIMA;289,000;BR-386/RS;Norte;Colisão - Lateral;1;4;0;0;0;0;1
03/12/2020;09:06:00;83;Acidente sem VITIMA;350,000;BR-386/RS;Sul;Colisão - Lateral;1;3;0;0;0;0;1
05/12/2020;07:07:00;37;Acidente com VITIMA;339,000;BR-386/RS;Norte;Colisão - Frontal;2;0;0;0;2;0;2
15/12/2020;13:50:00;181;Acidente com VITIMA;423,000;BR-386/RS;Sul;Queda de ribanceira;1;1;0;1;0;0;2
21/12/2020;01:45:00;12;Acidente com VITIMA FATAL;68,000;BR-101/RS;Sul;Colisão - Traseira;1;1;0;0;0;1;3
30/12/2020;13:25:44;222;Acidente com VITIMA;257,000;BR-386/RS;Norte;Colisão - Traseira;1;4;1;0;0;0;1
02/12/2020;14:03:00;457;Acidente sem VITIMA;290,000;BR-386/RS;Sul;Queda de ribanceira;1;1;0;0;0;0;1
17/12/2020;06:08:44;24;Acidente sem VITIMA;44,000;BR-101/RS;Sul;Queda de ribanceira;1;1;0;0;0;0;1
22/12/2020;15:00:00;715;Acidente sem VITIMA;393,000;BR-386/RS;Sul;Saída de pista;1;1;0;0;0;0;1
28/12/2020;04:56:00;17;Acidente com VITIMA;433,000;BR-386/RS;Norte;Colisão - Lateral;1;2;0;0;1;0;2
02/12/2020;05:25:25;294;Acidente com VITIMA;3,000;BR-290/RS;Oeste;Tombamento;1;0;1;0;0;0;1
02/12/2020;19:03:36;541;Acidente sem VITIMA;299,000;BR-386/RS;Norte;Saída de pista;1;1;0;0;0;0;1
29/12/2020;01:34:00;8;Acidente sem VITIMA;19,000;BR-290/RS;Leste;Colisão - Transversal;1;5;0;0;0;0;1
04/01/2021;16:23:50;277;Acidente com VITIMA FATAL;43,000;BR-290/RS;Oeste;Saída de pista;1;2;0;0;0;0;1
06/01/2021;08:58:35;98;Acidente com VITIMA FATAL;1,000;BR-290/RS;Oeste;Queda de ribanceira;1;1;0;0;0;1;3
07/01/2021;00:03:34;2;Acidente sem VITIMA;47,000;BR-290/RS;Oeste;Queda de ribanceira;1;2;0;0;0;0;1
07/01/2021;17:15:45;269;Acidente com VITIMA;357,000;BR-386/RS;Norte;Capotamento;1;3;0;0;0;0;1
07/01/2021;23:00:19;347;Acidente sem VITIMA;30,000;BR-290/RS;Leste;Queda de ribanceira;1;6;0;0;0;0;1
08/01/2021;03:40:49;15;Acidente sem VITIMA;64,000;BR-101/RS;Sul;Atropelamento de Animal;1;3;0;0;0;0;1
08/01/2021;17:44:15;252;Acidente COM VITIMA;28,000;BR-290/RS;Leste;Engavetamento;1;1;2;0;0;0;1
13/01/2021;03:23:26;12;Acidente com VITIMA;27,000;BR-290/RS;Leste;Queda de ribanceira;1;0;1;1;0;0;2
13/01/2021;18:23:25;232;Acidente com VITIMA;182,000;BR-386/RS;Sul;Queda de moto;1;2;0;0;0;0;1
13/01/2021;08:49:00;69;Acidente com VITIMA;15,000;BR-101/RS;Sul;Queda de ribanceira;1;1;0;0;0;0;1
14/01/2021;19:31:45;217;Acidente com VITIMA;353,000;BR-386/RS;Sul;Colisão - Lateral;1;1;0;0;0;0;1
15/01/2021;15:51:30;222;Acidente com VITIMA;12,000;BR-448/RS;Norte;Queda de moto;1;1;0;0;0;0;1
15/01/2021;21:33:56;309;Acidente com VITIMA FATAL;92,000;BR-290/RS;Oeste;Queda de moto;1;2;0;0;0;0;1
18/01/2021;07:50:35;59;Acidente sem VITIMA;353,000;BR-386/RS;Sul;Choque Defensa;1;1;0;0;0;0;1
19/01/2021;21:22:45;254;Acidente COM VITIMA;23,000;BR-290/RS;Oeste;Colisão - Traseira;1;0;0;1;0;0;2
23/01/2021;09:46:25;112;Acidente sem VITIMA;75,000;BR-290/RS;Leste;Choque Defensa;1;1;0;0;0;0;1
27/01/2021;18:22:04;192;Acidente COM VITIMA;10,000;BR-290/RS;Leste;Capotamento;1;0;1;0;0;0;1
27/01/2021;00:32:21;4;Acidente sem VITIMA;72,000;BR-290/RS;Oeste;Queda de moto;1;1;0;0;0;0;1
28/01/2021;09:40:46;103;Acidente sem VITIMA;401,000;BR-386/RS;Sul;Queda de moto;1;2;0;0;0;0;1
29/01/2021;09:34:06;109;Acidente com VITIMA;44,000;BR-101/RS;Norte;Choque com veículo na faixa de rolamento;1;1;0;0;0;0;1
29/01/2021;03:13:25;17;Acidente sem VITIMA;318,000;BR-386/RS;Sul;Saída de pista;1;5;0;0;0;0;1
29/01/2021;08:33:09;78;Acidente com VITIMA;13,000;BR-448/RS;Sul;Queda de moto;1;1;0;0;0;0;1
30/01/2021;22:49:13;289;Acidente sem VITIMA;252,000;BR-386/RS;Norte;Saída de pista;1;2;0;0;0;0;1
03/02/2021;10:38:16;143;Acidente sem VITIMA;92,000;BR-290/RS;Leste;Colisão - Lateral;1;2;0;0;0;0;1
03/02/2021;16:29:47;232;Acidente sem VITIMA;411,000;BR-386/RS;Norte;Colisão - Lateral;1;4;0;0;0;0;1
05/02/2021;09:31:36;94;Acidente com VITIMA;425,000;BR-386/RS;Sul;Choque Barreira;1;0;1;0;0;0;1
08/02/2021;08:56:37;88;Acidente sem VITIMA;92,000;BR-290/RS;Oeste;;1;1;0;0;0;0;1
10/02/2021;15:40:04;195;Acidente com VITIMA;353,000;BR-386/RS;Sul;Engavetamento;2;4;0;1;0;0;2
10/02/2021;00:20:04;2;Acidente com VITIMA;25,000;BR-290/RS;Leste;Colisão - Traseira;1;1;1;0;0;0;1
13/02/2021;00:30:41;4;Acidente com VITIMA;284,000;BR-386/RS;Sul;Colisão - Frontal;2;2;0;1;2;0;2
14/02/2021;18:14:21;204;Acidente sem VITIMA;92,000;BR-290/RS;Oeste;Colisão - Lateral;1;2;0;0;0;0;1
18/02/2021;19:53:42;256;Acidente sem VITIMA;35,000;BR-101/RS;Norte;Colisão - Traseira;1;2;0;0;0;0;1